"species","Gene_focal","Gene_ortho","len_focal","len_ortho","GC_focal","GC_ortho","Same_Cluster","div","diso_focal","diso_ortho","disoPCT_focal","disoPCT_ortho","Hpct_focal","Hpct_ortho","Epct_focal","Epct_ortho","Cpct_focal","Cpct_ortho","Mpct_focal","Mpct_ortho","Epct.1_focal","Epct.1_ortho","Bpct_focal","Bpct_ortho","lc_ortho","lc_focal","tm_focal","tm_ortho"
"Tribolium_castaneum","antr","TC015813",819,897,50.549,48.049,"Same_ortho_clusterFalse",309,28,11,10,3,23,30,16,11,59,57,21,20,34,40,43,39,0,0,0,0
"Tribolium_castaneum","antr","TC015814",819,951,50.549,42.271,"Same_ortho_clusterFalse",309,28,7,10,2,23,36,16,11,59,51,21,22,34,43,43,33,3.8,0,0,0
"Drosophila_ananassae","Cen","Dana\GF14554",2373,804,48.883,58.209,"Same_ortho_clusterFalse",34,307,72,38,26,36,46,5,5,57,47,13,16,64,47,22,36,10.1,7.8,0,33.5820895522388
"Drosophila_persimilis","CG12589","Dper\GL21630",291,1341,58.076,56.078,"Same_ortho_clusterFalse",37,19,29,19,6,59,36,0,12,40,50,17,22,61,37,20,40,6.5,0,0,0
"Drosophila_persimilis","CG12589","Dper\GL22200",291,837,58.076,61.529,"Same_ortho_clusterFalse",37,19,7,19,2,59,81,0,2,40,16,17,23,61,30,20,46,23.3,0,0,48.3870967741936
"Aedes_aegypti","CG12970","AAEL003875",1137,2220,47.23,54.099,"Same_ortho_clusterFalse",272,29,228,7,30,40,5,10,22,49,71,22,14,44,57,32,27,18.6,0,0,0
"Aedes_aegypti","CG12970","AAEL003895",1137,558,47.23,46.416,"Same_ortho_clusterFalse",272,29,1,7,0,40,30,10,19,49,50,22,19,44,32,32,47,0,0,0,0
"Aedes_aegypti","CG12986","AAEL006936",378,561,58.466,41.889,"Same_ortho_clusterFalse",272,38,4,30,2,53,15,3,30,42,54,23,25,38,32,38,41,0,0,0,0
"Drosophila_mojavensis","CG13159","Dmoj\GI19052",231,273,55.844,48.718,"Same_ortho_clusterFalse",50,77,26,100,28,24,23,22,12,53,64,7,20,62,46,29,32,53.8,51.9,0,0
"Tribolium_castaneum","CG13186","TC000473",432,441,55.556,63.039,"Same_ortho_clusterFalse",309,44,35,30,23,10,39,11,2,77,57,15,8,56,63,27,27,35.4,18.8,0,0
"Tribolium_castaneum","CG13186","TC001095",432,690,55.556,48.116,"Same_ortho_clusterFalse",309,44,29,30,12,10,6,11,22,77,70,15,15,56,56,27,27,5.7,18.8,0,0
"Drosophila_mojavensis","CG13217","Dmoj\GI19659",342,408,57.018,60.294,"Same_ortho_clusterFalse",50,33,42,28,30,22,41,11,9,65,49,2,8,38,34,58,57,62.5,66.7,0,0
"Bombyx_mori","CG13285","BGIBMGA000387",597,6288,50.754,41.889,"Same_ortho_clusterFalse",283,54,178,27,8,17,9,0,37,82,53,18,25,39,31,42,43,4.8,65.3,0,1.14503816793893
"Drosophila_grimshawi","CG13385","Dgri\GH10380",1062,2238,51.13,44.638,"Same_ortho_clusterFalse",50,171,57,48,7,13,49,11,4,74,46,9,22,66,44,24,33,0,4.2,0,0
"Drosophila_virilis","CG13385","Dvir\GJ18032",1062,2325,51.13,50.753,"Same_ortho_clusterFalse",50,171,109,48,14,13,46,11,5,74,47,9,22,66,44,24,32,8.3,4.2,0,0
"Drosophila_grimshawi","CG13577","Dgri\GH20982",696,699,52.73,46.066,"Same_ortho_clusterFalse",50,50,41,21,17,24,16,3,35,71,48,18,20,53,47,28,31,24.9,0,0,7.72532188841202
"Drosophila_grimshawi","CG13577","Dgri\GH20983",696,690,52.73,45.942,"Same_ortho_clusterFalse",50,50,48,21,20,24,35,3,12,71,52,18,21,53,45,28,33,20,0,0,7.82608695652174
"Drosophila_mojavensis","CG13577","Dmoj\GI21318",696,615,52.73,47.48,"Same_ortho_clusterFalse",50,50,41,21,20,24,32,3,10,71,57,18,21,53,39,28,39,5.9,0,0,0
"Drosophila_virilis","CG13577","Dvir\GJ21588",696,708,52.73,54.237,"Same_ortho_clusterFalse",50,50,46,21,19,24,25,3,28,71,46,18,22,53,38,28,38,14.8,0,0,8.05084745762712
"Drosophila_virilis","CG14302","Dvir\GJ14409",216,231,56.481,58.009,"Same_ortho_clusterFalse",50,72,77,100,100,30,19,0,0,69,80,6,2,70,72,22,24,35.1,11.1,0,0
"Drosophila_grimshawi","CG14400","Dgri\GH10591",741,447,49.528,53.915,"Same_ortho_clusterFalse",50,12,25,4,16,60,38,5,7,33,54,25,22,36,39,37,38,0,0,0,12.0805369127517
"Drosophila_grimshawi","CG14400","Dgri\GH10592",741,447,49.528,55.928,"Same_ortho_clusterFalse",50,12,18,4,12,60,27,5,8,33,64,25,16,36,50,37,32,8.1,0,0,12.0805369127517
"Drosophila_mojavensis","CG14400","Dmoj\GI23198",741,447,49.528,57.047,"Same_ortho_clusterFalse",50,12,23,4,15,60,36,5,7,33,55,25,18,36,42,37,38,7.4,0,0,12.0805369127517
"Drosophila_mojavensis","CG14400","Dmoj\GI23209",741,447,49.528,58.613,"Same_ortho_clusterFalse",50,12,21,4,14,60,22,5,12,33,64,25,19,36,46,37,33,6.7,0,0,12.0805369127517
"Drosophila_virilis","CG14400","Dvir\GJ23697",741,447,49.528,56.152,"Same_ortho_clusterFalse",50,12,24,4,16,60,38,5,7,33,53,25,19,36,40,37,39,0,0,0,12.0805369127517
"Drosophila_virilis","CG14400","Dvir\GJ23708",741,447,49.528,59.06,"Same_ortho_clusterFalse",50,12,23,4,15,60,27,5,11,33,61,25,16,36,55,37,28,7.4,0,0,12.0805369127517
"Anopheles_gambiae","CG14546","AgaP_AGAP001964",1167,1092,49.357,61.172,"Same_ortho_clusterFalse",272,271,34,69,9,34,8,1,30,64,61,10,21,77,38,12,39,6,17.7,0,0
"Drosophila_mojavensis","CG14563","Dmoj\GI11745",369,411,57.182,51.095,"Same_ortho_clusterFalse",50,30,24,24,17,11,21,3,1,85,76,8,5,23,17,68,76,83.9,76.4,0,0
"Drosophila_willistoni","CG14563","Dwil\GK12177",369,372,57.182,43.28,"Same_ortho_clusterFalse",50,30,25,24,20,11,17,3,0,85,82,8,9,23,33,68,56,91.9,76.4,0,0
"Drosophila_erecta","CG14852","Dere\GG21229",525,375,58.286,53.067,"Same_ortho_clusterFalse",11.4,175,34,100,27,24,19,0,34,76,46,0,20,89,48,10,32,0,88.6,0,0
"Drosophila_persimilis","CG14907","Dper\GL24529",705,1422,47.801,46.906,"Same_ortho_clusterFalse",37,15,43,6,9,38,76,10,2,50,21,25,18,37,59,37,22,6.5,5.1,0,0
"Drosophila_pseudoobscura","CG14907","Dpse\GA13343",705,1422,47.801,46.906,"Same_ortho_clusterFalse",37,15,43,6,9,38,75,10,2,50,21,25,17,37,59,37,22,6.5,5.1,0,0
"Drosophila_simulans","CG15282","Dsim\GD23972",240,231,53.333,54.978,"Same_ortho_clusterFalse",5.9,80,77,100,100,26,28,0,0,73,71,1,1,75,75,23,23,94.8,95,0,0
"Drosophila_simulans","CG15282","Dsim\GD27252",240,1107,53.333,37.308,"Same_ortho_clusterFalse",5.9,80,4,100,1,26,30,0,16,73,53,1,21,75,47,23,30,0,95,0,0
"Drosophila_yakuba","CG15282","Dyak\GE19039",240,1071,53.333,39.216,"Same_ortho_clusterFalse",11.4,80,26,100,7,26,30,0,19,73,49,1,21,75,43,23,35,5.3,95,0,0
"Drosophila_yakuba","CG15282","Dyak\GE19040",240,231,53.333,52.381,"Same_ortho_clusterFalse",11.4,80,77,100,100,26,28,0,0,73,71,1,1,75,75,23,23,94.8,95,0,0
"Drosophila_persimilis","CG15576","Dper\GL14192",372,798,51.075,53.258,"Same_ortho_clusterFalse",37,37,10,29,3,0,42,23,8,76,48,13,19,55,46,30,33,0,16.1,0,0
"Drosophila_pseudoobscura","CG15576","Dpse\GA11759",372,327,51.075,52.294,"Same_ortho_clusterFalse",37,37,34,29,31,0,21,23,17,76,61,13,17,55,55,30,26,0,16.1,0,0
"Drosophila_persimilis","CG15597","Dper\GL23478",450,558,60.444,59.14,"Same_ortho_clusterFalse",37,44,28,29,15,15,12,11,9,73,78,4,2,54,47,40,50,73.1,73.3,0,0
"Drosophila_persimilis","CG15870","Dper\GL10844",372,366,56.989,63.934,"Same_ortho_clusterFalse",37,44,68,35,55,58,0,3,5,37,94,12,15,72,70,15,13,87.7,78.2,0,0
"Drosophila_persimilis","CG16741","Dper\GL16819",264,570,53.409,55.263,"Same_ortho_clusterFalse",37,37,10,42,5,12,55,17,6,70,38,11,18,67,24,21,56,7.9,0,0,37.8947368421053
"Drosophila_pseudoobscura","CG16741","Dpse\GA24308",264,570,53.409,55.614,"Same_ortho_clusterFalse",37,37,10,42,5,12,54,17,6,70,38,11,17,67,23,21,58,0,0,0,37.8947368421053
"Tribolium_castaneum","CG17601","TC015236",663,1938,54.902,52.89,"Same_ortho_clusterFalse",309,82,33,37,5,49,46,1,8,48,45,18,19,54,28,26,51,3.9,0,0,29.5665634674923
"Drosophila_virilis","CG17977","Dvir\GJ26437",279,195,43.369,51.795,"Same_ortho_clusterFalse",50,4,65,4,100,31,55,18,9,50,35,18,4,39,84,41,10,33.8,0,21.505376344086,0
"Drosophila_mojavensis","CG18343","Dmoj\GI20967",300,1581,53.667,47.059,"Same_ortho_clusterFalse",50,70,30,70,5,64,38,0,9,36,51,16,24,72,37,12,38,0,0,42,0
"Bombyx_mori","CG18628","BGIBMGA011638",192,375,60.938,47.467,"Same_ortho_clusterFalse",283,64,7,100,5,37,72,3,0,59,28,6,24,46,53,46,22,0,0,0,0
"Drosophila_mojavensis","CG2209","Dmoj\GI16265",462,1497,48.268,64.061,"Same_ortho_clusterFalse",50,1,11,0,2,34,34,16,13,49,51,22,25,48,37,29,37,5,0,0,0
"Drosophila_mojavensis","CG2209","Dmoj\GI16266",462,1041,48.268,60.807,"Same_ortho_clusterFalse",50,1,15,0,4,34,57,16,5,49,37,22,21,48,37,29,41,5.5,0,0,5.18731988472623
"Anopheles_gambiae","CG31709","AgaP_AGAP007783",627,1440,45.614,52.847,"Same_ortho_clusterFalse",272,80,87,38,18,18,8,10,10,70,80,10,15,66,53,22,30,11.3,12.4,0,0
"Drosophila_willistoni","CG31709","Dwil\GK23807",627,1764,45.614,43.878,"Same_ortho_clusterFalse",50,80,39,38,6,18,32,10,12,70,54,10,22,66,31,22,46,2,12.4,0,0
"Drosophila_willistoni","CG31709","Dwil\GK23810",627,1491,45.614,43.461,"Same_ortho_clusterFalse",50,80,126,38,25,18,17,10,14,70,67,10,16,66,57,22,26,20.5,12.4,0,0
"Aedes_aegypti","CG31882","AAEL018103",366,12951,51.093,44.128,"Same_ortho_clusterFalse",272,51,161,41,3,27,22,5,25,67,52,10,24,70,32,18,43,1.3,15.6,0,0
"Drosophila_virilis","CG31949","Dvir\GJ22270",537,1200,45.996,44.917,"Same_ortho_clusterFalse",50,34,88,18,22,78,21,0,6,21,72,22,21,44,48,32,30,13,14.5,31.8435754189944,0
"Drosophila_willistoni","CG31949","Dwil\GK14986",459,477,46.405,44.654,"Same_ortho_clusterFalse",50,34,40,22,25,77,40,0,6,22,52,22,19,52,57,24,22,7.5,17,26.1437908496732,0
"Drosophila_ananassae","CG31952","Dana\GF15680",546,1893,58.791,59.165,"Same_ortho_clusterFalse",34,182,92,100,14,95,28,0,19,4,52,1,21,88,39,9,38,4.8,93.4,0,2.53565768621236
"Drosophila_mojavensis","CG32368","Dmoj\GI13143",267,1062,41.573,42.561,"Same_ortho_clusterFalse",50,20,6,22,1,56,43,12,9,31,46,17,20,62,35,19,43,1.7,0,0,0
"Drosophila_virilis","CG32368","Dvir\GJ13891",267,1047,41.573,44.222,"Same_ortho_clusterFalse",50,20,27,22,7,56,42,12,7,31,49,17,22,62,35,19,42,0,0,0,0
"Drosophila_ananassae","CG33136","Dana\GF12798",543,366,42.726,55.464,"Same_ortho_clusterFalse",34,56,17,30,13,59,72,0,0,40,27,21,22,57,49,20,27,12.3,7.7,12.707182320442,15.5737704918033
"Tribolium_castaneum","CG33258","TC032287",759,1920,44.269,43.073,"Same_ortho_clusterFalse",309,45,451,17,70,9,33,27,4,62,62,21,9,49,73,28,17,38.9,5.9,0,0
"Drosophila_grimshawi","CG33267","Dgri\GH14856",285,783,56.14,56.194,"Same_ortho_clusterFalse",50,95,16,100,6,16,27,12,18,70,54,1,19,83,30,15,50,5,70.5,0,0
"Apis_mellifera","CG33725","LOC102656182",528,507,43.182,44.576,"Same_ortho_clusterFalse",325,5,1,2,0,14,34,32,18,52,46,26,26,36,36,37,36,8.3,0,0,0
"Apis_mellifera","CG33725","LOC410244",528,459,43.182,33.115,"Same_ortho_clusterFalse",325,5,20,2,13,14,31,32,16,52,51,26,23,36,40,37,35,0,0,0,0
"Drosophila_grimshawi","CG33941","Dgri\GH23928",456,1020,35.307,43.824,"Same_ortho_clusterFalse",50,11,120,7,35,53,15,7,9,38,75,20,14,55,60,23,25,9.4,0,0,0
"Aedes_aegypti","CG34134","AAEL006440",360,1086,55,48.803,"Same_ortho_clusterFalse",272,101,60,84,16,18,30,8,14,73,54,9,18,75,46,15,34,0,9.2,0,0
"Drosophila_virilis","CG34338","Dvir\GJ15900",333,1362,45.045,59.031,"Same_ortho_clusterFalse",50,63,20,56,4,28,33,6,21,64,45,17,24,55,33,27,42,0,7.2,0,0
"Drosophila_persimilis","CG34431","Dper\GL11701",2145,447,37.949,56.823,"Same_ortho_clusterFalse",37,242,16,33,10,39,60,2,0,57,39,15,21,60,55,23,22,0,9.8,0,0
"Drosophila_persimilis","CG34431","Dper\GL11703",2145,450,37.949,56,"Same_ortho_clusterFalse",37,242,8,33,5,39,52,2,7,57,40,15,19,60,50,23,30,6.7,9.8,0,0
"Tribolium_castaneum","CG3679","TC015171",1932,870,52.277,44.138,"Same_ortho_clusterFalse",309,329,6,51,2,22,23,5,26,72,50,11,25,62,38,26,35,0,4.8,0,0
"Drosophila_persimilis","CG42577","Dper\GL12913",279,648,47.312,52.16,"Same_ortho_clusterFalse",37,78,21,83,9,58,12,0,34,41,53,3,24,86,33,10,42,5.6,38.7,19.3548387096774,0
"Drosophila_grimshawi","CG42579","Dgri\GH17736",300,1053,45.333,49.098,"Same_ortho_clusterFalse",50,57,118,57,33,46,19,0,3,54,77,0,11,99,65,1,22,5.7,20,0,0
"Drosophila_grimshawi","CG42579","Dgri\GH17776",300,1776,45.333,52.477,"Same_ortho_clusterFalse",50,57,15,57,2,46,26,0,23,54,50,0,25,99,27,1,46,0,20,0,0
"Drosophila_pseudoobscura","CG42579","Dpse\GA23272",300,1128,45.333,56.649,"Same_ortho_clusterFalse",37,57,88,57,23,46,23,0,1,54,75,0,9,99,58,1,32,21,20,0,0
"Drosophila_yakuba","CG42579","Dyak\GE17890",300,2016,45.333,59.226,"Same_ortho_clusterFalse",11.4,57,324,57,48,46,20,0,8,54,70,0,10,99,60,1,29,40.3,20,0,0
"Drosophila_yakuba","CG42579","Dyak\GE28350",300,150,45.333,50,"Same_ortho_clusterFalse",11.4,57,2,57,4,46,0,0,14,54,86,0,22,99,60,1,18,0,20,0,0
"Drosophila_grimshawi","CG42718","Dgri\GH15605",240,342,47.083,55.556,"Same_ortho_clusterFalse",50,27,66,33,57,25,0,13,9,61,90,22,7,41,54,36,37,24.6,0,0,0
"Drosophila_willistoni","CG42718","Dwil\GK16560",240,387,47.083,50.388,"Same_ortho_clusterFalse",50,27,6,33,4,25,21,13,20,61,58,22,16,41,51,36,31,45,0,0,0
"Drosophila_mojavensis","CG42781","Dmoj\GI15676",120,1536,45,50.456,"Same_ortho_clusterFalse",50,40,21,100,4,82,55,0,12,17,32,15,17,75,51,10,31,3.3,0,57.5,0
"Drosophila_grimshawi","CG42824","Dgri\GH13499",441,1101,42.857,48.592,"Same_ortho_clusterFalse",50,31,18,21,4,0,20,34,28,65,51,25,27,52,28,21,44,0,0,0,0
"Drosophila_grimshawi","CG42824","Dgri\GH13510",441,882,42.857,39.796,"Same_ortho_clusterFalse",50,31,26,21,8,0,9,34,34,65,56,25,27,52,36,21,35,4.8,0,0,0
"Aedes_aegypti","CG42833","AAEL002631",264,579,40.152,43.869,"Same_ortho_clusterFalse",272,15,7,17,3,60,7,0,32,39,60,21,23,50,40,28,35,0,13.6,0,0
"Aedes_aegypti","CG42833","AAEL017067",264,1821,40.152,47.611,"Same_ortho_clusterFalse",272,15,86,17,14,60,20,0,21,39,57,21,19,50,47,28,33,6.6,13.6,0,0
"Drosophila_virilis","CG42833","Dvir\GJ11546",264,2829,40.152,50.407,"Same_ortho_clusterFalse",50,15,291,17,30,60,29,0,7,39,62,21,14,50,47,28,38,9.3,13.6,0,0
"Drosophila_mojavensis","CG42847","Dmoj\GI14951",426,2547,37.559,56.851,"Same_ortho_clusterFalse",50,24,508,16,59,36,30,11,6,52,63,17,9,59,71,23,18,22.9,0,0,0
"Drosophila_mojavensis","CG42847","Dmoj\GI14953",426,3888,37.559,62.14,"Same_ortho_clusterFalse",50,24,731,16,56,36,14,11,10,52,75,17,10,59,63,23,26,23.7,0,0,0
"Drosophila_virilis","CG42847","Dvir\GJ18921",426,2538,37.559,55.871,"Same_ortho_clusterFalse",50,24,314,16,37,36,32,11,6,52,60,17,11,59,68,23,19,23,0,0,0
"Drosophila_virilis","CG42847","Dvir\GJ18922",426,3825,37.559,59.477,"Same_ortho_clusterFalse",50,24,679,16,53,36,14,11,12,52,72,17,12,59,60,23,27,19.9,0,0,0
"Drosophila_willistoni","CG42847","Dwil\GK20027",426,2499,37.559,51.421,"Same_ortho_clusterFalse",50,24,430,16,51,36,31,11,6,52,62,17,9,59,69,23,21,23.9,0,0,0
"Drosophila_willistoni","CG42847","Dwil\GK20028",426,3759,37.559,53.711,"Same_ortho_clusterFalse",50,24,672,16,53,36,13,11,12,52,73,17,11,59,62,23,26,19.8,0,0,0
"Drosophila_persimilis","CG43062","Dper\GL12251",525,417,44.571,60.671,"Same_ortho_clusterFalse",37,5,49,2,35,21,29,28,2,50,67,32,8,33,75,34,15,17.3,8,9.14285714285714,0
"Drosophila_ananassae","CG43109","Dana\GF11126",174,354,47.701,63.277,"Same_ortho_clusterFalse",34,37,55,63,46,22,56,6,0,70,43,8,1,53,88,37,10,53.4,0,0,0
"Drosophila_ananassae","CG43109","Dana\GF13738",174,3096,47.701,55.911,"Same_ortho_clusterFalse",34,37,195,63,18,22,54,6,3,70,41,8,19,53,48,37,32,6.8,0,0,15.6976744186047
"Drosophila_willistoni","CG43109","Dwil\GK20688",174,2652,47.701,41.629,"Same_ortho_clusterFalse",50,37,38,63,4,22,60,6,2,70,37,8,22,53,35,37,42,1.7,0,0,15.6108597285068
"Drosophila_mojavensis","CG43288","Dmoj\GI16403",183,1149,44.809,59.356,"Same_ortho_clusterFalse",50,40,5,65,1,18,37,4,14,77,48,9,20,77,36,13,42,0,29.5,0,0
"Drosophila_virilis","CG43288","Dvir\GJ17024",183,1167,44.809,59.64,"Same_ortho_clusterFalse",50,40,42,65,10,18,32,4,16,77,51,9,22,77,38,13,39,9.5,29.5,0,0
"Drosophila_yakuba","CG43332","Dyak\GE19026",1887,1920,44.197,64.115,"Same_ortho_clusterFalse",11.4,203,389,32,60,0,37,13,2,86,60,2,9,83,54,13,35,51.2,74.2,0,0
"Drosophila_virilis","CG43448","Dvir\GJ25616",285,297,40.351,47.138,"Same_ortho_clusterFalse",50,95,48,100,48,26,8,0,12,73,79,7,13,73,56,18,30,0,27.4,0,0
"Drosophila_willistoni","CG43448","Dwil\GK14125",285,1353,40.351,45.159,"Same_ortho_clusterFalse",50,95,52,100,11,26,36,0,11,73,52,7,24,73,40,18,35,5.5,27.4,0,0
"Drosophila_persimilis","CG43450","Dper\GL22266",147,234,49.66,55.556,"Same_ortho_clusterFalse",37,49,13,100,16,0,70,10,0,89,29,12,10,75,53,12,35,17.9,26.5,0,0
"Drosophila_virilis","CG43750","Dvir\GJ24226",780,2076,38.846,46.146,"Same_ortho_clusterFalse",50,248,214,95,30,11,55,3,2,84,41,2,16,84,58,12,25,9.5,12.3,0,0
"Drosophila_persimilis","CG43760","Dper\GL26955",237,273,39.241,53.114,"Same_ortho_clusterFalse",37,5,2,6,2,79,62,0,0,20,37,27,23,34,53,37,23,0,0,0,0
"Drosophila_grimshawi","CG43841","Dgri\GH12345",228,2208,48.246,56.431,"Same_ortho_clusterFalse",50,19,472,25,64,21,19,6,4,72,75,13,6,55,65,31,28,26.5,0,0,7.7445652173913
"Drosophila_pseudoobscura","CG43841","Dpse\GA31242",228,240,48.246,61.667,"Same_ortho_clusterFalse",37,19,80,25,100,21,56,6,0,72,43,13,11,55,50,31,38,17.5,0,0,0
"Drosophila_virilis","CG43841","Dvir\GJ15370",228,303,48.246,58.086,"Same_ortho_clusterFalse",50,19,83,25,82,21,54,6,0,72,45,13,10,55,48,31,40,27.7,0,0,0
"Drosophila_grimshawi","CG43886","Dgri\GH15283",216,243,36.111,36.626,"Same_ortho_clusterFalse",50,8,81,11,100,81,27,0,0,18,72,22,7,45,85,31,7,43.2,0,54.1666666666667,0
"Drosophila_mojavensis","CG44303","Dmoj\GI21433",267,495,48.315,38.586,"Same_ortho_clusterFalse",50,37,17,41,10,78,55,0,10,21,33,3,17,91,52,5,30,6.1,0,0,0
"Drosophila_pseudoobscura","CG44303","Dpse\GA22845",267,504,48.315,47.817,"Same_ortho_clusterFalse",37,37,12,41,7,78,59,0,14,21,25,3,19,91,56,5,23,6.5,0,0,0
"Drosophila_virilis","CG44303","Dvir\GJ16451",267,534,48.315,45.506,"Same_ortho_clusterFalse",50,37,10,41,5,78,62,0,13,21,23,3,26,91,48,5,24,0,0,0,0
"Drosophila_ananassae","CG45413","Dana\GF23551",447,1251,42.058,47.162,"Same_ortho_clusterFalse",34,8,8,5,1,61,28,7,19,31,51,22,24,27,33,50,41,0,0,44.9664429530201,0
"Drosophila_mojavensis","CG45413","Dmoj\GI12968",447,1251,42.058,51.079,"Same_ortho_clusterFalse",50,8,20,5,4,61,37,7,15,31,47,22,26,27,30,50,42,2.9,0,44.9664429530201,0
"Drosophila_mojavensis","CG45413","Dmoj\GI12969",447,1251,42.058,50.919,"Same_ortho_clusterFalse",50,8,22,5,5,61,31,7,19,31,48,22,27,27,32,50,40,2.9,0,44.9664429530201,0
"Drosophila_grimshawi","CG45545","Dgri\GH19262",177,732,46.328,53.689,"Same_ortho_clusterFalse",50,32,189,54,77,25,21,10,7,64,70,6,7,69,70,23,21,49.2,0,0,8.60655737704918
"Drosophila_grimshawi","CG45545","Dgri\GH19264",177,2595,46.328,53.256,"Same_ortho_clusterFalse",50,32,221,54,25,25,30,10,6,64,63,6,12,69,44,23,43,19.4,0,0,3.46820809248555
"Drosophila_mojavensis","CG45545","Dmoj\GI23471",177,3576,46.328,57.075,"Same_ortho_clusterFalse",50,32,439,54,36,25,27,10,7,64,64,6,10,69,51,23,38,31,0,0,4.44630872483221
"Drosophila_virilis","CG45545","Dvir\GJ10226",177,3492,46.328,54.897,"Same_ortho_clusterFalse",50,32,413,54,35,25,26,10,7,64,65,6,10,69,48,23,40,24.7,0,0,2.57731958762887
"Drosophila_persimilis","CG5681","Dper\GL15790",1608,12126,36.318,57.158,"Same_ortho_clusterFalse",37,184,80,34,1,31,61,11,6,56,32,15,23,56,35,27,40,6.5,0,0,0.544285007422068
"Drosophila_pseudoobscura","CG5681","Dpse\GA26088",1608,12684,36.318,56.867,"Same_ortho_clusterFalse",37,184,79,34,1,31,59,11,7,56,32,15,23,56,35,27,41,5.6,0,0,0
"Aedes_aegypti","CG5697","AAEL009080",402,2097,57.711,51.168,"Same_ortho_clusterFalse",272,60,96,44,13,45,65,5,0,49,33,17,20,52,40,29,38,6.6,30.6,15.6716417910448,0
"Anopheles_gambiae","CG5697","AgaP_AGAP001685",402,2628,57.711,60.959,"Same_ortho_clusterFalse",272,60,45,44,5,45,60,5,3,49,36,17,24,52,38,29,36,4.9,30.6,15.6716417910448,0
"Anopheles_gambiae","CG5697","AgaP_AGAP001686",402,405,57.711,58.519,"Same_ortho_clusterFalse",272,60,25,44,18,45,29,5,25,49,44,17,22,52,51,29,26,0,30.6,15.6716417910448,0
"Bombyx_mori","CG5746","BGIBMGA010019",1356,282,62.906,65.603,"Same_ortho_clusterFalse",283,452,13,100,13,3,29,0,14,96,55,2,13,75,48,22,37,0,67.7,0,0
"Drosophila_yakuba","CG8157","Dyak\GE12246",342,330,57.602,57.273,"Same_ortho_clusterFalse",11.4,114,110,100,100,12,12,0,0,87,87,0,0,84,82,14,16,95.5,96.5,0,0
"Drosophila_virilis","CG9312","Dvir\GJ14478",636,519,57.075,58.574,"Same_ortho_clusterFalse",50,149,79,70,45,11,16,5,0,83,83,9,5,66,53,24,41,51.4,44.3,0,0
"Drosophila_grimshawi","Diedel2","Dgri\GH18691",378,999,48.413,48.649,"Same_ortho_clusterFalse",50,5,6,3,1,21,15,34,23,43,60,20,29,29,34,50,36,0,0,0,0
"Drosophila_grimshawi","Diedel2","Dgri\GH18692",378,999,48.413,49.95,"Same_ortho_clusterFalse",50,5,6,3,1,21,18,34,23,43,58,20,28,29,35,50,35,0,0,0,0
"Drosophila_pseudoobscura","Drs","Dpse\GA13394",213,1044,59.624,47.222,"Same_ortho_clusterFalse",37,26,43,36,12,45,38,0,16,54,44,15,21,50,36,33,41,7.2,18.3,0,11.7816091954023
"Drosophila_pseudoobscura","Drs","Dpse\GA28600",213,690,59.624,58.551,"Same_ortho_clusterFalse",37,26,97,36,42,45,13,0,6,54,80,15,13,50,64,33,22,14.3,18.3,0,7.39130434782609
"Drosophila_willistoni","Drs","Dwil\GK20510",213,897,59.624,42.14,"Same_ortho_clusterFalse",50,26,107,36,35,45,47,0,11,54,41,15,18,50,49,33,32,3.7,18.3,0,7.69230769230769
"Drosophila_ananassae","Dup99B","Dana\Obp99b-2",165,429,50.303,55.012,"Same_ortho_clusterFalse",34,42,1,76,0,61,48,0,11,38,40,9,20,56,34,34,44,0,30.9,0,0
"Drosophila_ananassae","Dup99B","Dana\Obp99b-3",165,495,50.303,51.717,"Same_ortho_clusterFalse",34,42,10,76,6,61,42,0,9,38,48,9,21,56,36,34,41,0,30.9,0,0
"Drosophila_willistoni","Eig71Ee","Dwil\GK20707",1338,303,48.505,48.845,"Same_ortho_clusterFalse",50,189,29,42,28,2,41,2,10,94,47,8,22,77,41,13,35,0,49.6,0,0
"Drosophila_mojavensis","E(spl)m6-BFM","Dmoj\GI22908",213,471,52.113,54.565,"Same_ortho_clusterFalse",50,21,27,29,17,56,49,14,8,29,42,15,17,69,61,15,21,21,0,0,0
"Bombyx_mori","hdm","BGIBMGA001257",1461,1419,52.977,35.236,"Same_ortho_clusterFalse",283,5,10,1,2,27,28,23,26,49,44,25,23,33,37,40,39,2.5,3.1,0,0
"Apis_mellifera","Ice1","LOC102655127",4188,1638,51.767,21.184,"Same_ortho_clusterFalse",325,438,4,31,0,40,67,4,4,55,27,16,23,57,32,26,43,5.1,10.5,0,0
"Aedes_aegypti","Kmn2","AAEL013332",288,315,41.319,45.714,"Same_ortho_clusterFalse",272,5,22,5,20,55,69,1,0,43,30,19,18,68,60,11,21,0,0,0,0
"Bombyx_mori","l(3)neo43","BGIBMGA001582",246,267,54.472,50.936,"Same_ortho_clusterFalse",283,56,12,68,13,23,94,0,0,76,5,12,0,75,98,12,1,0,0,0,0
"Bombyx_mori","l(3)neo43","BGIBMGA001583",246,735,54.472,51.156,"Same_ortho_clusterFalse",283,56,171,68,69,23,22,0,7,76,69,12,8,75,69,12,21,18,0,0,0
"Tribolium_castaneum","lawc","TC014665",222,918,48.198,40.523,"Same_ortho_clusterFalse",309,74,122,100,39,4,16,28,19,67,64,20,11,71,67,8,20,7.8,29.7,0,0
"Tribolium_castaneum","lawc","TC031156",222,870,48.198,39.425,"Same_ortho_clusterFalse",309,74,18,100,6,4,20,28,32,67,46,20,25,71,40,8,34,0,29.7,0,6.55172413793103
"Aedes_aegypti","NPF","AAEL002742",309,495,52.751,43.232,"Same_ortho_clusterFalse",272,56,46,54,27,50,49,1,4,47,46,20,24,43,46,35,29,0,11.7,0,21.8181818181818
"Drosophila_pseudoobscura","RpL41","Dpse\GA31129",78,1656,48.718,56.28,"Same_ortho_clusterFalse",37,26,28,100,5,80,58,0,1,19,39,0,27,100,43,0,29,0,96.2,0,7.60869565217391
"Drosophila_virilis","xmas-1","Dvir\GJ14705",2211,1716,58.706,54.72,"Same_ortho_clusterFalse",50,262,98,35,17,22,33,10,2,66,64,15,14,57,55,26,30,4.2,7.3,0,0
